{
  "Name": "PC",
  "Transform": {
    "Traslacion": [
      1.6273832,
      -1.3871047,
      1.230027
    ],
    "Rotacion": [
      0,
      139.37453,
      0
    ],
    "Escala": [
      1,
      1,
      1
    ],
    "Enabled": true
  },
  "Objetos": [
    {
      "Name": "CPU",
      "Transform": {
        "Traslacion": [
          -0.7,
          0.4,
          0
        ],
        "Rotacion": [
          0,
          0,
          0
        ],
        "Escala": [
          1,
          1,
          1
        ],
        "Enabled": true
      },
      "Caras": [
        {
          "Name": "Cubo",
          "Transform": {
            "Traslacion": [
              0,
              0,
              0
            ],
            "Rotacion": [
              0,
              0,
              0
            ],
            "Escala": [
              1,
              1,
              1
            ],
            "Enabled": true
          },
          "Color": [
            0.25,
            0.26,
            0.28,
            1
          ],
          "EdgeWidth": 2,
          "Vertices": [
            -0.175,
            -0.4,
            0.2,
            0.175,
            -0.4,
            0.2,
            0.175,
            0.4,
            0.2,
            -0.175,
            0.4,
            0.2,
            -0.175,
            -0.4,
            -0.2,
            0.175,
            -0.4,
            -0.2,
            0.175,
            0.4,
            -0.2,
            -0.175,
            0.4,
            -0.2
          ],
          "Triangles": [
            0,
            1,
            2,
            0,
            2,
            3,
            5,
            4,
            7,
            5,
            7,
            6,
            4,
            0,
            3,
            4,
            3,
            7,
            1,
            5,
            6,
            1,
            6,
            2,
            3,
            2,
            6,
            3,
            6,
            7,
            4,
            5,
            1,
            4,
            1,
            0
          ],
          "Edges": [
            0,
            1,
            1,
            2,
            2,
            3,
            3,
            0,
            4,
            5,
            5,
            6,
            6,
            7,
            7,
            4,
            0,
            4,
            1,
            5,
            2,
            6,
            3,
            7
          ]
        }
      ]
    },
    {
      "Name": "Monitor",
      "Transform": {
        "Traslacion": [
          0,
          0,
          0
        ],
        "Rotacion": [
          0,
          0,
          0
        ],
        "Escala": [
          1,
          1,
          1
        ],
        "Enabled": true
      },
      "Caras": [
        {
          "Name": "Cubo",
          "Transform": {
            "Traslacion": [
              0,
              0.015,
              0
            ],
            "Rotacion": [
              0,
              0,
              0
            ],
            "Escala": [
              1,
              1,
              1
            ],
            "Enabled": true
          },
          "Color": [
            0.25,
            0.26,
            0.28,
            1
          ],
          "EdgeWidth": 2,
          "Vertices": [
            -0.225,
            -0.015,
            0.125,
            0.225,
            -0.015,
            0.125,
            0.225,
            0.015,
            0.125,
            -0.225,
            0.015,
            0.125,
            -0.225,
            -0.015,
            -0.125,
            0.225,
            -0.015,
            -0.125,
            0.225,
            0.015,
            -0.125,
            -0.225,
            0.015,
            -0.125
          ],
          "Triangles": [
            0,
            1,
            2,
            0,
            2,
            3,
            5,
            4,
            7,
            5,
            7,
            6,
            4,
            0,
            3,
            4,
            3,
            7,
            1,
            5,
            6,
            1,
            6,
            2,
            3,
            2,
            6,
            3,
            6,
            7,
            4,
            5,
            1,
            4,
            1,
            0
          ],
          "Edges": [
            0,
            1,
            1,
            2,
            2,
            3,
            3,
            0,
            4,
            5,
            5,
            6,
            6,
            7,
            7,
            4,
            0,
            4,
            1,
            5,
            2,
            6,
            3,
            7
          ]
        },
        {
          "Name": "Cubo",
          "Transform": {
            "Traslacion": [
              0,
              0.15,
              0
            ],
            "Rotacion": [
              0,
              0,
              0
            ],
            "Escala": [
              1,
              1,
              1
            ],
            "Enabled": true
          },
          "Color": [
            0.25,
            0.26,
            0.28,
            1
          ],
          "EdgeWidth": 2,
          "Vertices": [
            -0.03,
            -0.125,
            0.03,
            0.03,
            -0.125,
            0.03,
            0.03,
            0.125,
            0.03,
            -0.03,
            0.125,
            0.03,
            -0.03,
            -0.125,
            -0.03,
            0.03,
            -0.125,
            -0.03,
            0.03,
            0.125,
            -0.03,
            -0.03,
            0.125,
            -0.03
          ],
          "Triangles": [
            0,
            1,
            2,
            0,
            2,
            3,
            5,
            4,
            7,
            5,
            7,
            6,
            4,
            0,
            3,
            4,
            3,
            7,
            1,
            5,
            6,
            1,
            6,
            2,
            3,
            2,
            6,
            3,
            6,
            7,
            4,
            5,
            1,
            4,
            1,
            0
          ],
          "Edges": [
            0,
            1,
            1,
            2,
            2,
            3,
            3,
            0,
            4,
            5,
            5,
            6,
            6,
            7,
            7,
            4,
            0,
            4,
            1,
            5,
            2,
            6,
            3,
            7
          ]
        },
        {
          "Name": "Cubo",
          "Transform": {
            "Traslacion": [
              0,
              0.5,
              0
            ],
            "Rotacion": [
              0,
              0,
              0
            ],
            "Escala": [
              1,
              1,
              1
            ],
            "Enabled": true
          },
          "Color": [
            0.08,
            0.08,
            0.1,
            1
          ],
          "EdgeWidth": 2,
          "Vertices": [
            -0.45,
            -0.275,
            0.0175,
            0.45,
            -0.275,
            0.0175,
            0.45,
            0.275,
            0.0175,
            -0.45,
            0.275,
            0.0175,
            -0.45,
            -0.275,
            -0.0175,
            0.45,
            -0.275,
            -0.0175,
            0.45,
            0.275,
            -0.0175,
            -0.45,
            0.275,
            -0.0175
          ],